"barcode","SampleType","RawCount","logCPM","total_mutations"
"TCGA-2V-A95S","Primary Tumor",4421,6.40481455440316,113
"TCGA-2Y-A9GS","Primary Tumor",4866,6.21116972847762,73
"TCGA-2Y-A9GT","Primary Tumor",4485,6.83714251597442,93
"TCGA-2Y-A9GU","Primary Tumor",2964,6.23145292741119,164
"TCGA-2Y-A9GV","Primary Tumor",2798,6.11358256873672,69
"TCGA-2Y-A9GW","Primary Tumor",2610,5.89519925024376,89
"TCGA-2Y-A9GX","Primary Tumor",3854,6.25420125713511,59
"TCGA-2Y-A9GY","Primary Tumor",7922,7.01224701920437,82
"TCGA-2Y-A9GZ","Primary Tumor",1399,4.82193543678006,112
"TCGA-2Y-A9H0","Primary Tumor",3273,6.03968597976516,83
"TCGA-2Y-A9H1","Primary Tumor",1260,5.52046760474699,138
"TCGA-2Y-A9H2","Primary Tumor",15025,7.76321250865614,55
"TCGA-2Y-A9H3","Primary Tumor",2707,6.51213241402474,188
"TCGA-2Y-A9H4","Primary Tumor",3283,6.50311750136288,74
"TCGA-2Y-A9H5","Primary Tumor",4048,6.31787164948609,93
"TCGA-2Y-A9H6","Primary Tumor",4634,6.61677227036555,65
"TCGA-2Y-A9H7","Primary Tumor",1603,4.94416279088436,81
"TCGA-2Y-A9H8","Primary Tumor",2261,5.51135670929878,86
"TCGA-2Y-A9H9","Primary Tumor",1586,4.8656688517404,134
"TCGA-2Y-A9HA","Primary Tumor",4633,5.95152892041303,156
"TCGA-2Y-A9HB","Primary Tumor",2911,5.81977910853508,81
"TCGA-3K-AAZ8","Primary Tumor",3070,5.94714809462834,149
"TCGA-4R-AA8I","Primary Tumor",1019,4.1588019849517,1240
"TCGA-5C-A9VG","Primary Tumor",3742,6.05558533314108,161
"TCGA-5C-A9VH","Primary Tumor",5621,6.86513284076643,107
"TCGA-5C-AAPD","Primary Tumor",4642,6.66007506816841,76
"TCGA-5R-AA1C","Primary Tumor",566,4.48424843693718,100
"TCGA-5R-AA1D","Primary Tumor",6838,7.26414251493422,15
"TCGA-5R-AAAM","Primary Tumor",1711,5.42971246018774,86
"TCGA-BC-4072","Primary Tumor",12210,6.98729830667142,NA
"TCGA-BC-4073","Primary Tumor",11743,7.32855300173305,159
"TCGA-BC-A10Q","Solid Tissue Normal",3268,6.6418365936015,46
"TCGA-BC-A10Q","Primary Tumor",9097,7.15480885851889,46
"TCGA-BC-A10R","Solid Tissue Normal",6154,7.19568479223514,123
"TCGA-BC-A10R","Primary Tumor",8410,7.19567035075947,123
"TCGA-BC-A10S","Primary Tumor",2626,5.65169943449916,NA
"TCGA-BC-A10T","Solid Tissue Normal",3486,7.00453935791675,81
"TCGA-BC-A10T","Primary Tumor",4405,6.04750125193046,81
"TCGA-BC-A10U","Primary Tumor",9464,7.0237002298882,146
"TCGA-BC-A10U","Solid Tissue Normal",8185,7.79006476070812,146
"TCGA-BC-A10W","Solid Tissue Normal",4421,6.84497037136478,113
"TCGA-BC-A10W","Primary Tumor",14153,7.54731223249342,113
"TCGA-BC-A10X","Primary Tumor",6326,6.89615183411468,5
"TCGA-BC-A10X","Solid Tissue Normal",4959,6.6628773260383,5
"TCGA-BC-A10Y","Solid Tissue Normal",3633,6.43180062818858,67
"TCGA-BC-A10Y","Primary Tumor",4482,6.00552014471788,67
"TCGA-BC-A10Z","Primary Tumor",2614,5.30969890659488,191
"TCGA-BC-A10Z","Solid Tissue Normal",4397,6.64746163223112,191
"TCGA-BC-A110","Solid Tissue Normal",5233,7.22266372671336,NA
"TCGA-BC-A110","Primary Tumor",2574,6.65436429571601,NA
"TCGA-BC-A112","Primary Tumor",14598,7.90933155731457,991
"TCGA-BC-A216","Solid Tissue Normal",3565,6.67449462030226,71
"TCGA-BC-A216","Primary Tumor",4087,5.86953168384665,71
"TCGA-BC-A217","Primary Tumor",5631,6.20880544027365,131
"TCGA-BC-A3KF","Primary Tumor",3059,5.3222477199864,96
"TCGA-BC-A3KG","Primary Tumor",7354,6.43324835984914,178
"TCGA-BC-A5W4","Primary Tumor",2741,6.19800082778689,71
"TCGA-BC-A69H","Primary Tumor",3546,6.3172500752287,88
"TCGA-BC-A69I","Primary Tumor",920,4.54292313845232,NA
"TCGA-BC-A8YO","Primary Tumor",12102,7.30142882165073,75
"TCGA-BD-A2L6","Primary Tumor",5754,6.57948229954056,85
"TCGA-BD-A2L6","Solid Tissue Normal",4638,6.48830524704343,85
"TCGA-BD-A3EP","Primary Tumor",2660,5.76198405941042,102
"TCGA-BD-A3EP","Solid Tissue Normal",5041,7.30609041821664,102
"TCGA-BD-A3ER","Primary Tumor",3717,6.46028447005606,60
"TCGA-BW-A5NO","Primary Tumor",2355,6.19211515195718,132
"TCGA-BW-A5NP","Primary Tumor",1688,4.72028138509409,78
"TCGA-BW-A5NQ","Primary Tumor",6394,6.60433696028595,118
"TCGA-CC-5258","Primary Tumor",4291,6.02738123969711,138
"TCGA-CC-5259","Primary Tumor",4055,7.6197114530714,156
"TCGA-CC-5260","Primary Tumor",6341,6.92545998142967,65
"TCGA-CC-5261","Primary Tumor",5800,6.68093560580199,NA
"TCGA-CC-5262","Primary Tumor",2231,5.54610746376717,139
"TCGA-CC-5263","Primary Tumor",12307,7.15461244675977,130
"TCGA-CC-5264","Primary Tumor",19103,7.70714946095107,104
"TCGA-CC-A123","Primary Tumor",3758,6.80278872198726,84
"TCGA-CC-A1HT","Primary Tumor",11269,6.43677267411629,103
"TCGA-CC-A3M9","Primary Tumor",11822,7.3219285533009,144
"TCGA-CC-A3MA","Primary Tumor",5542,6.15574792049683,45
"TCGA-CC-A3MB","Primary Tumor",5536,6.27120180100691,78
"TCGA-CC-A3MC","Primary Tumor",3964,6.35181522608427,112
"TCGA-CC-A5UC","Primary Tumor",1878,5.52987616784087,62
"TCGA-CC-A5UD","Primary Tumor",7204,6.88115519783533,215
"TCGA-CC-A5UE","Primary Tumor",9748,7.24753762678427,141
"TCGA-CC-A7IE","Primary Tumor",3243,6.17829494650613,183
"TCGA-CC-A7IF","Primary Tumor",2747,5.81323170968643,134
"TCGA-CC-A7IG","Primary Tumor",4343,6.12307426940959,150
"TCGA-CC-A7IH","Primary Tumor",1498,4.61409598652276,818
"TCGA-CC-A7II","Primary Tumor",12617,7.41132248926471,184
"TCGA-CC-A7IJ","Primary Tumor",9857,6.86055116662288,158
"TCGA-CC-A7IK","Primary Tumor",2060,5.11977292554591,345
"TCGA-CC-A7IL","Primary Tumor",2329,5.50744695618837,119
"TCGA-CC-A8HS","Primary Tumor",4914,6.14581492685803,55
"TCGA-CC-A8HT","Primary Tumor",8297,7.00982212394009,226
"TCGA-CC-A8HU","Primary Tumor",3025,5.73205518528274,101
"TCGA-CC-A8HV","Primary Tumor",5567,6.55444044858337,157
"TCGA-CC-A9FS","Primary Tumor",1779,5.10920008210556,117
"TCGA-CC-A9FU","Primary Tumor",3106,5.50038043916369,49
"TCGA-CC-A9FV","Primary Tumor",5643,6.73712053875011,17
"TCGA-CC-A9FW","Primary Tumor",1578,4.58214973107001,156
"TCGA-DD-A113","Primary Tumor",5253,6.30719408136371,171
"TCGA-DD-A113","Solid Tissue Normal",3530,6.89445518651582,171
"TCGA-DD-A114","Primary Tumor",5929,7.0778208568342,111
"TCGA-DD-A114","Solid Tissue Normal",5945,6.93078566502766,111
"TCGA-DD-A115","Primary Tumor",1365,5.08351830809949,96
"TCGA-DD-A116","Primary Tumor",5873,6.93077268648577,126
"TCGA-DD-A116","Solid Tissue Normal",2329,5.84238435510071,126
"TCGA-DD-A118","Solid Tissue Normal",2306,6.5572829509022,130
"TCGA-DD-A118","Primary Tumor",8750,7.03992330056188,130
"TCGA-DD-A119","Primary Tumor",2699,5.94819858484238,68
"TCGA-DD-A119","Solid Tissue Normal",3997,6.8926562845134,68
"TCGA-DD-A11A","Solid Tissue Normal",6484,7.20276331859445,144
"TCGA-DD-A11A","Primary Tumor",8834,7.28263887047166,144
"TCGA-DD-A11B","Primary Tumor",2664,5.63967332270391,59
"TCGA-DD-A11B","Solid Tissue Normal",2547,6.79598923372148,59
"TCGA-DD-A11C","Solid Tissue Normal",1312,6.2039590348904,107
"TCGA-DD-A11C","Primary Tumor",4399,6.08855215519561,107
"TCGA-DD-A11D","Primary Tumor",2811,6.79949040364474,143
"TCGA-DD-A11D","Solid Tissue Normal",5257,7.13496123313815,143
"TCGA-DD-A1EA","Primary Tumor",3874,6.21056268818805,89
"TCGA-DD-A1EB","Solid Tissue Normal",3137,6.09610739724679,198
"TCGA-DD-A1EB","Primary Tumor",1546,5.09533057838726,198
"TCGA-DD-A1EC","Primary Tumor",10892,7.25398394289761,26
"TCGA-DD-A1EC","Solid Tissue Normal",2425,5.99836540187415,26
"TCGA-DD-A1ED","Primary Tumor",6634,7.04141262948011,25
"TCGA-DD-A1EE","Primary Tumor",1902,4.77476801867037,NA
"TCGA-DD-A1EE","Solid Tissue Normal",3270,7.00464759367514,NA
"TCGA-DD-A1EF","Primary Tumor",3442,6.46411407307729,142
"TCGA-DD-A1EG","Primary Tumor",2832,5.59077900278828,469
"TCGA-DD-A1EG","Solid Tissue Normal",4466,7.06925464606097,469
"TCGA-DD-A1EH","Primary Tumor",1079,3.86015116691687,44
"TCGA-DD-A1EH","Solid Tissue Normal",4615,7.01463444100935,44
"TCGA-DD-A1EI","Solid Tissue Normal",3216,6.1586435353435,66
"TCGA-DD-A1EI","Primary Tumor",4845,5.93720707495184,66
"TCGA-DD-A1EJ","Primary Tumor",1024,3.53991775417136,66
"TCGA-DD-A1EJ","Solid Tissue Normal",5420,6.72820525288556,66
"TCGA-DD-A1EK","Primary Tumor",2379,5.99152896873468,64
"TCGA-DD-A1EL","Solid Tissue Normal",3479,6.04329692277004,109
"TCGA-DD-A1EL","Primary Tumor",6427,6.04716956592757,109
"TCGA-DD-A39V","Solid Tissue Normal",2832,6.58419429184047,77
"TCGA-DD-A39V","Primary Tumor",1817,5.70641458864514,77
"TCGA-DD-A39W","Primary Tumor",398,3.07765057141942,44
"TCGA-DD-A39W","Solid Tissue Normal",2445,5.97156614054047,44
"TCGA-DD-A39X","Primary Tumor",2128,5.41146076360041,68
"TCGA-DD-A39X","Solid Tissue Normal",2415,5.97158454088387,68
"TCGA-DD-A39Y","Primary Tumor",8313,7.11409051542084,352
"TCGA-DD-A39Z","Solid Tissue Normal",2317,6.20091680008738,77
"TCGA-DD-A39Z","Primary Tumor",424,3.7195475243231,77
"TCGA-DD-A3A1","Solid Tissue Normal",2244,6.30777644285025,185
"TCGA-DD-A3A1","Primary Tumor",3639,6.39232119020229,185
"TCGA-DD-A3A2","Solid Tissue Normal",3223,6.39319848387922,80
"TCGA-DD-A3A2","Primary Tumor",451,3.58630612176053,80
"TCGA-DD-A3A3","Solid Tissue Normal",3631,6.93511336165942,64
"TCGA-DD-A3A3","Primary Tumor",2131,6.12062538109628,64
"TCGA-DD-A3A4","Primary Tumor",1481,5.47284860512204,38
"TCGA-DD-A3A4","Solid Tissue Normal",3781,6.26991433864121,38
"TCGA-DD-A3A5","Primary Tumor",3207,6.25371825475831,64
"TCGA-DD-A3A5","Solid Tissue Normal",3127,6.80870529178409,64
"TCGA-DD-A3A6","Solid Tissue Normal",1359,6.06885851403897,23
"TCGA-DD-A3A6","Primary Tumor",21326,8.8863234026848,23
"TCGA-DD-A3A7","Primary Tumor",3484,6.86825354275847,149
"TCGA-DD-A3A8","Primary Tumor",611,3.90363302669631,152
"TCGA-DD-A3A8","Solid Tissue Normal",2092,6.29710233686269,152
"TCGA-DD-A3A9","Primary Tumor",8834,7.62876692331233,446
"TCGA-DD-A4NA","Primary Tumor",20381,7.98736640838001,36
"TCGA-DD-A4NB","Primary Tumor",12371,7.99847843166784,32
"TCGA-DD-A4ND","Primary Tumor",3101,5.63537355773074,64
"TCGA-DD-A4NE","Primary Tumor",4059,6.24345008988935,71
"TCGA-DD-A4NF","Primary Tumor",1540,4.90836873846444,128
"TCGA-DD-A4NG","Primary Tumor",1229,4.63396783445145,82
"TCGA-DD-A4NH","Primary Tumor",3444,5.66097438990208,52
"TCGA-DD-A4NI","Primary Tumor",2455,5.52724104084075,162
"TCGA-DD-A4NJ","Primary Tumor",3123,6.05473958634692,86
"TCGA-DD-A4NK","Primary Tumor",683,3.90659065652505,87
"TCGA-DD-A4NL","Primary Tumor",3147,6.58502425995809,28
"TCGA-DD-A4NN","Primary Tumor",3140,5.62780965056035,58
"TCGA-DD-A4NO","Primary Tumor",2195,5.40613481411415,58
"TCGA-DD-A4NP","Primary Tumor",5660,6.47743624816569,24
"TCGA-DD-A4NQ","Primary Tumor",8477,7.58171525148088,87
"TCGA-DD-A4NR","Primary Tumor",4259,6.07208789092133,50
"TCGA-DD-A4NS","Primary Tumor",8133,6.9225426873856,49
"TCGA-DD-A4NV","Primary Tumor",1566,4.60743346685676,129
"TCGA-DD-A73A","Primary Tumor",1247,5.02250008467763,114
"TCGA-DD-A73B","Primary Tumor",10206,7.59174558144669,84
"TCGA-DD-A73C","Primary Tumor",2130,5.36763354579799,97
"TCGA-DD-A73D","Primary Tumor",1237,4.84538753082739,75
"TCGA-DD-A73E","Primary Tumor",1335,4.72855012550052,126
"TCGA-DD-A73F","Primary Tumor",2631,5.76257361817617,76
"TCGA-DD-A73G","Primary Tumor",1080,4.76056193358362,126
"TCGA-DD-AA3A","Primary Tumor",4034,6.02238617770151,49
"TCGA-DD-AAC8","Primary Tumor",1801,5.09637381566383,600
"TCGA-DD-AAC9","Primary Tumor",1345,5.45612099309562,87
"TCGA-DD-AACA","Primary Tumor",2915,5.52009958636316,404
"TCGA-DD-AACA","Recurrent Tumor",2035,5.36031169874492,404
"TCGA-DD-AACA","Recurrent Tumor",1950,5.03323521837557,404
"TCGA-DD-AACB","Primary Tumor",727,4.4787300357541,113
"TCGA-DD-AACC","Primary Tumor",3523,6.64609620004607,94
"TCGA-DD-AACD","Primary Tumor",3757,6.87112673473532,94
"TCGA-DD-AACE","Primary Tumor",734,4.50039183868715,80
"TCGA-DD-AACF","Primary Tumor",4044,6.49357893937293,139
"TCGA-DD-AACG","Primary Tumor",4375,6.91464776488757,110
"TCGA-DD-AACH","Primary Tumor",9162,6.79970977949588,101
"TCGA-DD-AACI","Primary Tumor",1359,5.82966356077471,413
"TCGA-DD-AACJ","Primary Tumor",5132,6.48203282323504,99
"TCGA-DD-AACK","Primary Tumor",5637,5.69153835271463,156
"TCGA-DD-AACL","Primary Tumor",3916,6.9046405708244,346
"TCGA-DD-AACN","Primary Tumor",7607,7.19486058240915,50
"TCGA-DD-AACO","Primary Tumor",4321,7.33001751441664,48
"TCGA-DD-AACP","Primary Tumor",1913,5.33408187753371,202
"TCGA-DD-AACQ","Primary Tumor",2648,5.61019685137756,233
"TCGA-DD-AACS","Primary Tumor",3278,6.50290788301768,57
"TCGA-DD-AACT","Primary Tumor",1359,5.78926551046091,225
"TCGA-DD-AACU","Primary Tumor",2627,5.71050584863993,123
"TCGA-DD-AACV","Primary Tumor",1670,5.42533504884581,109
"TCGA-DD-AACW","Primary Tumor",898,4.27467979527596,51
"TCGA-DD-AACX","Primary Tumor",4808,6.67360203002031,134
"TCGA-DD-AACY","Primary Tumor",862,4.473757550994,91
"TCGA-DD-AACZ","Primary Tumor",5891,6.71238071126996,188
"TCGA-DD-AAD0","Primary Tumor",5496,6.94568154252785,116
"TCGA-DD-AAD1","Primary Tumor",5797,6.8124878270188,145
"TCGA-DD-AAD2","Primary Tumor",2280,6.02547762513382,90
"TCGA-DD-AAD3","Primary Tumor",1414,4.95576248143386,79
"TCGA-DD-AAD5","Primary Tumor",7807,6.881095210429,144
"TCGA-DD-AAD6","Primary Tumor",900,5.32843564461382,117
"TCGA-DD-AAD8","Primary Tumor",1017,4.581824372753,127
"TCGA-DD-AADA","Primary Tumor",5396,6.98382181556121,130
"TCGA-DD-AADB","Primary Tumor",4533,6.30610365964191,143
"TCGA-DD-AADC","Primary Tumor",3140,6.0705303068355,90
"TCGA-DD-AADD","Primary Tumor",1668,5.06233612559674,88
"TCGA-DD-AADF","Primary Tumor",1205,5.09662340531981,236
"TCGA-DD-AADG","Primary Tumor",326,2.76048494218721,180
"TCGA-DD-AADI","Primary Tumor",2577,5.86291694954932,124
"TCGA-DD-AADJ","Primary Tumor",946,5.14518566246502,68
"TCGA-DD-AADK","Primary Tumor",5272,6.20578010575024,68
"TCGA-DD-AADL","Primary Tumor",1872,4.84860693648859,141
"TCGA-DD-AADM","Primary Tumor",1285,5.05855343049451,216
"TCGA-DD-AADN","Primary Tumor",1181,5.81304096811126,122
"TCGA-DD-AADO","Primary Tumor",3662,6.57326913009195,238
"TCGA-DD-AADP","Primary Tumor",893,4.26569526743774,109
"TCGA-DD-AADQ","Primary Tumor",2308,6.03274239894183,134
"TCGA-DD-AADR","Primary Tumor",1168,4.99551189314812,106
"TCGA-DD-AADS","Primary Tumor",1514,5.95709878350864,161
"TCGA-DD-AADU","Primary Tumor",2284,6.06412363811286,101
"TCGA-DD-AADV","Primary Tumor",2621,5.05480380934796,110
"TCGA-DD-AADW","Primary Tumor",9620,6.73463525677038,54
"TCGA-DD-AADY","Primary Tumor",1485,5.63231619667113,47
"TCGA-DD-AAE0","Primary Tumor",4641,7.34439305785513,79
"TCGA-DD-AAE1","Primary Tumor",759,4.57210724369279,53
"TCGA-DD-AAE2","Primary Tumor",4652,6.32151965710124,92
"TCGA-DD-AAE3","Primary Tumor",668,4.54222189129544,179
"TCGA-DD-AAE4","Primary Tumor",2149,6.2332999292773,74
"TCGA-DD-AAE6","Primary Tumor",1669,5.27282188897269,102
"TCGA-DD-AAE7","Primary Tumor",1234,5.69584059454746,277
"TCGA-DD-AAE9","Primary Tumor",187,2.88144478260668,116
"TCGA-DD-AAEA","Primary Tumor",1490,5.79607668716389,200
"TCGA-DD-AAEB","Primary Tumor",303,3.49437997445338,127
"TCGA-DD-AAED","Primary Tumor",1882,5.71938188656757,79
"TCGA-DD-AAEE","Primary Tumor",1576,4.73984122190827,90
"TCGA-DD-AAEG","Primary Tumor",3433,5.88264729361647,117
"TCGA-DD-AAEH","Primary Tumor",1038,4.75508892278268,103
"TCGA-DD-AAEI","Primary Tumor",2007,5.83970806504229,123
"TCGA-DD-AAEK","Primary Tumor",1214,5.4883149512659,94
"TCGA-DD-AAVP","Primary Tumor",1834,6.05491344099137,85
"TCGA-DD-AAVQ","Primary Tumor",8102,7.15144622607169,60
"TCGA-DD-AAVR","Primary Tumor",4536,6.72984757590108,74
"TCGA-DD-AAVS","Primary Tumor",3360,5.74166791670675,58
"TCGA-DD-AAVU","Primary Tumor",1079,4.84115385150165,68
"TCGA-DD-AAVV","Primary Tumor",9019,7.58779385404874,130
"TCGA-DD-AAVW","Primary Tumor",4809,6.68496017952257,34
"TCGA-DD-AAVX","Primary Tumor",1370,5.75651740130416,83
"TCGA-DD-AAVY","Primary Tumor",328,3.59999643251889,104
"TCGA-DD-AAVZ","Primary Tumor",5373,6.92058917709236,50
"TCGA-DD-AAW0","Primary Tumor",2259,5.43532758053608,105
"TCGA-DD-AAW1","Primary Tumor",2805,5.8381392501671,127
"TCGA-DD-AAW2","Primary Tumor",444,3.83915038555876,126
"TCGA-DD-AAW3","Primary Tumor",466,3.73138410589768,111
"TCGA-ED-A459","Primary Tumor",4904,6.55319933565272,274
"TCGA-ED-A4XI","Primary Tumor",5809,6.90090683354469,154
"TCGA-ED-A5KG","Primary Tumor",10096,7.2059082577087,22
"TCGA-ED-A627","Primary Tumor",7250,7.12440540939379,NA
"TCGA-ED-A66X","Primary Tumor",8312,7.05612829194351,46
"TCGA-ED-A66Y","Primary Tumor",2943,5.76188964600677,92
"TCGA-ED-A7PX","Primary Tumor",6978,6.88837091471312,34
"TCGA-ED-A7PY","Primary Tumor",1294,5.27692521246606,28
"TCGA-ED-A7PZ","Primary Tumor",2224,5.21034809186703,280
"TCGA-ED-A7XO","Primary Tumor",2069,5.61542640110667,63
"TCGA-ED-A7XP","Primary Tumor",3519,5.93929852847144,72
"TCGA-ED-A82E","Primary Tumor",10011,6.95539619482048,33
"TCGA-ED-A8O5","Primary Tumor",2387,5.40432541656617,133
"TCGA-ED-A8O6","Primary Tumor",3388,5.8165011029336,78
"TCGA-ED-A97K","Primary Tumor",19974,7.94727691853204,52
"TCGA-EP-A12J","Solid Tissue Normal",3298,6.98739292754874,62
"TCGA-EP-A12J","Primary Tumor",1494,4.8886536536752,62
"TCGA-EP-A26S","Solid Tissue Normal",2957,6.27410914818817,111
"TCGA-EP-A26S","Primary Tumor",1072,4.01910280504533,111
"TCGA-EP-A2KA","Primary Tumor",6525,6.93506567809589,129
"TCGA-EP-A2KB","Primary Tumor",3780,6.01543042552002,97
"TCGA-EP-A2KC","Primary Tumor",2869,5.61876509388436,90
"TCGA-EP-A3JL","Primary Tumor",2049,5.47151750068161,95
"TCGA-EP-A3RK","Primary Tumor",2692,5.56823783172846,66
"TCGA-EP-A3RK","Solid Tissue Normal",2940,6.52891577713016,66
"TCGA-ES-A2HS","Primary Tumor",3050,6.38405425027627,87
"TCGA-ES-A2HT","Solid Tissue Normal",6431,7.07324785412352,92
"TCGA-ES-A2HT","Primary Tumor",1332,5.19107676041541,92
"TCGA-FV-A23B","Primary Tumor",2150,5.04385748589509,100
"TCGA-FV-A23B","Solid Tissue Normal",3772,6.27830132549959,100
"TCGA-FV-A2QQ","Primary Tumor",1497,4.94189337972394,155
"TCGA-FV-A2QR","Solid Tissue Normal",6831,7.27054562197285,125
"TCGA-FV-A2QR","Primary Tumor",937,4.28139335118801,125
"TCGA-FV-A3I0","Primary Tumor",7628,6.90010627333996,98
"TCGA-FV-A3I0","Solid Tissue Normal",5933,7.68335392146904,98
"TCGA-FV-A3I1","Solid Tissue Normal",1682,5.59261835798254,84
"TCGA-FV-A3I1","Primary Tumor",3746,6.08391424025407,84
"TCGA-FV-A3R2","Solid Tissue Normal",3775,6.50444048357404,95
"TCGA-FV-A3R2","Primary Tumor",2188,5.14539511438485,95
"TCGA-FV-A3R3","Primary Tumor",11883,7.9297944103276,57
"TCGA-FV-A495","Primary Tumor",2182,5.5503256011739,118
"TCGA-FV-A496","Primary Tumor",3093,5.9537774948554,134
"TCGA-FV-A4ZP","Primary Tumor",5052,6.93928056889544,94
"TCGA-FV-A4ZQ","Primary Tumor",4141,6.10191292350681,94
"TCGA-G3-A25S","Primary Tumor",927,4.18533548397024,130
"TCGA-G3-A25T","Primary Tumor",7193,6.57971463967183,47
"TCGA-G3-A25U","Primary Tumor",1758,5.05413683996639,64
"TCGA-G3-A25V","Primary Tumor",2781,5.90675624122158,62
"TCGA-G3-A25X","Primary Tumor",7994,7.08255780483583,NA
"TCGA-G3-A25Y","Primary Tumor",6984,6.31348580913794,88
"TCGA-G3-A25Z","Primary Tumor",3374,6.01945768873956,78
"TCGA-G3-A3CG","Primary Tumor",2133,5.8596314941241,118
"TCGA-G3-A3CH","Primary Tumor",8186,7.40965933975722,45
"TCGA-G3-A3CH","Solid Tissue Normal",4710,7.12794572784245,45
"TCGA-G3-A3CI","Primary Tumor",3197,6.42668954518337,16
"TCGA-G3-A3CJ","Primary Tumor",1302,5.15295847642094,385
"TCGA-G3-A3CK","Primary Tumor",6075,6.61304891658777,258
"TCGA-G3-A5SI","Primary Tumor",3938,6.87975736469463,33
"TCGA-G3-A5SJ","Primary Tumor",7722,7.06610203007938,105
"TCGA-G3-A5SK","Primary Tumor",8518,8.10290144388462,93
"TCGA-G3-A5SL","Primary Tumor",1369,4.74014112443561,149
"TCGA-G3-A5SM","Primary Tumor",6928,6.80713469334322,136
"TCGA-G3-A6UC","Primary Tumor",787,3.88801830788552,137
"TCGA-G3-A7M5","Primary Tumor",925,4.48399204151045,202
"TCGA-G3-A7M6","Primary Tumor",3811,5.24616894166536,104
"TCGA-G3-A7M7","Primary Tumor",4630,6.94751693085087,NA
"TCGA-G3-A7M8","Primary Tumor",3613,6.43241242065985,25
"TCGA-G3-A7M9","Primary Tumor",12322,6.81639869814745,127
"TCGA-G3-AAUZ","Primary Tumor",5520,7.3141795897851,83
"TCGA-G3-AAV0","Primary Tumor",852,4.7411565378032,201
"TCGA-G3-AAV1","Primary Tumor",1867,5.09865630666638,60
"TCGA-G3-AAV2","Primary Tumor",3561,6.2179177989357,55
"TCGA-G3-AAV3","Primary Tumor",1546,4.93269388211191,91
"TCGA-G3-AAV4","Primary Tumor",2978,5.97335234177683,122
"TCGA-G3-AAV5","Primary Tumor",1420,4.54356240996978,80
"TCGA-G3-AAV6","Primary Tumor",1431,4.58330253439556,81
"TCGA-G3-AAV7","Primary Tumor",11099,7.37905346752463,89
"TCGA-GJ-A3OU","Primary Tumor",4882,6.77610848005595,61
"TCGA-GJ-A6C0","Primary Tumor",8955,7.19531145985566,56
"TCGA-GJ-A9DB","Primary Tumor",2343,5.30463366317205,91
"TCGA-HP-A5MZ","Primary Tumor",2397,5.54753749980706,61
"TCGA-HP-A5N0","Primary Tumor",1720,5.16209307075614,143
"TCGA-K7-A5RF","Primary Tumor",5525,7.08179062020723,60
"TCGA-K7-A5RG","Primary Tumor",6958,7.03050950566105,131
"TCGA-K7-A6G5","Primary Tumor",1040,4.65093439099022,91
"TCGA-K7-AAU7","Primary Tumor",7350,6.96365195913651,78
"TCGA-KR-A7K0","Primary Tumor",5560,6.79324533078257,109
"TCGA-KR-A7K2","Primary Tumor",2030,5.65090141638792,65
"TCGA-KR-A7K7","Primary Tumor",2677,5.80898880069134,67
"TCGA-KR-A7K8","Primary Tumor",1623,5.07214215484735,55
"TCGA-LG-A6GG","Primary Tumor",2596,5.68836452924455,216
"TCGA-LG-A9QC","Primary Tumor",2116,5.44859094609743,55
"TCGA-LG-A9QD","Primary Tumor",5252,6.92584718791491,118
"TCGA-MI-A75C","Primary Tumor",3406,6.15272424325008,133
"TCGA-MI-A75E","Primary Tumor",3060,6.01283999228131,134
"TCGA-MI-A75G","Primary Tumor",999,4.30952921886481,251
"TCGA-MI-A75H","Primary Tumor",706,4.12518998362366,145
"TCGA-MI-A75I","Primary Tumor",1419,4.77851712538744,196
"TCGA-MR-A520","Primary Tumor",2112,5.86707837962161,23
"TCGA-MR-A8JO","Primary Tumor",5131,6.63097515852163,30
"TCGA-NI-A4U2","Primary Tumor",11006,6.96563169104562,131
"TCGA-NI-A8LF","Primary Tumor",2738,5.6582597960785,113
"TCGA-O8-A75V","Primary Tumor",3605,6.17776973861561,95
"TCGA-PD-A5DF","Primary Tumor",3107,5.95056147557787,50
"TCGA-QA-A7B7","Primary Tumor",6497,6.28023245571346,97
"TCGA-RC-A6M3","Primary Tumor",10563,7.46845230636078,82
"TCGA-RC-A6M4","Primary Tumor",1573,4.93707557128135,204
"TCGA-RC-A6M5","Primary Tumor",12003,7.77088858086512,22
"TCGA-RC-A6M6","Primary Tumor",6096,6.60437145052344,204
"TCGA-RC-A7S9","Primary Tumor",5567,6.7112681173204,60
"TCGA-RC-A7SB","Primary Tumor",2728,5.57204127700229,70
"TCGA-RC-A7SF","Primary Tumor",570,4.00858822195888,86
"TCGA-RC-A7SH","Primary Tumor",6618,7.10237968592504,74
"TCGA-RC-A7SK","Primary Tumor",2185,5.45948072633901,155
"TCGA-RG-A7D4","Primary Tumor",5165,6.67880358853805,109
"TCGA-T1-A6J8","Primary Tumor",1899,5.31462999612513,91
"TCGA-UB-A7MA","Primary Tumor",8046,6.96476180134057,97
"TCGA-UB-A7MB","Primary Tumor",5534,6.43943968637303,1629
"TCGA-UB-A7MC","Primary Tumor",9216,6.84962048700303,75
"TCGA-UB-A7MD","Primary Tumor",4502,6.31375946698161,120
"TCGA-UB-A7ME","Primary Tumor",4366,6.13955466692005,99
"TCGA-UB-A7MF","Primary Tumor",8966,7.11178047020838,113
"TCGA-UB-AA0U","Primary Tumor",3034,5.70847656155714,95
"TCGA-UB-AA0V","Primary Tumor",2476,6.21284809193323,46
"TCGA-WJ-A86L","Primary Tumor",5574,6.64613072450253,140
"TCGA-WQ-A9G7","Primary Tumor",4254,6.62652713772149,582
"TCGA-WQ-AB4B","Primary Tumor",981,5.0998749135636,79
"TCGA-WX-AA44","Primary Tumor",2773,5.97167144833002,86
"TCGA-WX-AA46","Primary Tumor",1328,4.72942572259145,61
"TCGA-WX-AA47","Primary Tumor",6125,7.79561543691904,41
"TCGA-XR-A8TC","Primary Tumor",5407,6.55515620438596,54
"TCGA-XR-A8TD","Primary Tumor",8050,7.41433105261712,60
"TCGA-XR-A8TE","Primary Tumor",2385,5.53531448112957,17
"TCGA-XR-A8TF","Primary Tumor",1309,4.87396927042954,158
"TCGA-XR-A8TG","Primary Tumor",4631,6.36313456164207,95
"TCGA-YA-A8S7","Primary Tumor",4171,5.98238531226526,79
"TCGA-ZP-A9CV","Primary Tumor",1662,5.20234174386932,112
"TCGA-ZP-A9CY","Primary Tumor",2757,5.95579389503233,93
"TCGA-ZP-A9CZ","Primary Tumor",4704,6.54415692691678,56
"TCGA-ZP-A9D0","Primary Tumor",7487,7.29436676530045,64
"TCGA-ZP-A9D1","Primary Tumor",1875,5.24695385825317,147
"TCGA-ZP-A9D2","Primary Tumor",10470,6.81608087055372,58
"TCGA-ZP-A9D4","Primary Tumor",2249,5.32884861656022,70
"TCGA-ZS-A9CD","Primary Tumor",2079,5.66413010780971,104
"TCGA-ZS-A9CE","Primary Tumor",2583,5.5346893095829,133
"TCGA-ZS-A9CF","Recurrent Tumor",4206,6.19987836168606,244
"TCGA-ZS-A9CF","Primary Tumor",6259,6.97151678839577,244
"TCGA-ZS-A9CG","Primary Tumor",1752,5.24460504006987,88
